example_id,chart_id,chart_group_id,style_id,window_start,window_end,image_path,claim_id,first_year,second_year,claim_text,label,claim_type,source_kind,split
window_2019_2022_style_01_claim_001,window_2019_2022_style_01,window_2019_2022,style_01,2019,2022,data/generated/charts/development/window_2019_2022_style_01.png,claim_001,2019,2020,The EU unemployment rate was higher in 2020 than in 2019.,supported,true_comparison,derived_development_sample,train
window_2019_2022_style_01_claim_002,window_2019_2022_style_01,window_2019_2022,style_01,2019,2022,data/generated/charts/development/window_2019_2022_style_01.png,claim_002,2019,2020,The EU unemployment rate was lower in 2020 than in 2019.,refuted,false_comparison,derived_development_sample,train
window_2019_2022_style_01_claim_003,window_2019_2022_style_01,window_2019_2022,style_01,2019,2022,data/generated/charts/development/window_2019_2022_style_01.png,claim_003,2019,2020,The EU unemployment rate was higher in 2023 than in 2020.,not_enough_information,outside_chart_range,derived_development_sample,train
window_2019_2022_style_01_claim_004,window_2019_2022_style_01,window_2019_2022,style_01,2019,2022,data/generated/charts/development/window_2019_2022_style_01.png,claim_004,2020,2021,The EU unemployment rate was lower in 2021 than in 2020.,supported,true_comparison,derived_development_sample,train
window_2019_2022_style_01_claim_005,window_2019_2022_style_01,window_2019_2022,style_01,2019,2022,data/generated/charts/development/window_2019_2022_style_01.png,claim_005,2020,2021,The EU unemployment rate was higher in 2021 than in 2020.,refuted,false_comparison,derived_development_sample,train
window_2019_2022_style_01_claim_006,window_2019_2022_style_01,window_2019_2022,style_01,2019,2022,data/generated/charts/development/window_2019_2022_style_01.png,claim_006,2020,2021,The EU unemployment rate was higher in 2023 than in 2021.,not_enough_information,outside_chart_range,derived_development_sample,train
window_2019_2022_style_01_claim_007,window_2019_2022_style_01,window_2019_2022,style_01,2019,2022,data/generated/charts/development/window_2019_2022_style_01.png,claim_007,2021,2022,The EU unemployment rate was lower in 2022 than in 2021.,supported,true_comparison,derived_development_sample,train
window_2019_2022_style_01_claim_008,window_2019_2022_style_01,window_2019_2022,style_01,2019,2022,data/generated/charts/development/window_2019_2022_style_01.png,claim_008,2021,2022,The EU unemployment rate was higher in 2022 than in 2021.,refuted,false_comparison,derived_development_sample,train
window_2019_2022_style_01_claim_009,window_2019_2022_style_01,window_2019_2022,style_01,2019,2022,data/generated/charts/development/window_2019_2022_style_01.png,claim_009,2021,2022,The EU unemployment rate was higher in 2023 than in 2022.,not_enough_information,outside_chart_range,derived_development_sample,train
window_2019_2022_style_02_claim_001,window_2019_2022_style_02,window_2019_2022,style_02,2019,2022,data/generated/charts/development/window_2019_2022_style_02.png,claim_001,2019,2020,The EU unemployment rate was higher in 2020 than in 2019.,supported,true_comparison,derived_development_sample,train
window_2019_2022_style_02_claim_002,window_2019_2022_style_02,window_2019_2022,style_02,2019,2022,data/generated/charts/development/window_2019_2022_style_02.png,claim_002,2019,2020,The EU unemployment rate was lower in 2020 than in 2019.,refuted,false_comparison,derived_development_sample,train
window_2019_2022_style_02_claim_003,window_2019_2022_style_02,window_2019_2022,style_02,2019,2022,data/generated/charts/development/window_2019_2022_style_02.png,claim_003,2019,2020,The EU unemployment rate was higher in 2023 than in 2020.,not_enough_information,outside_chart_range,derived_development_sample,train
window_2019_2022_style_02_claim_004,window_2019_2022_style_02,window_2019_2022,style_02,2019,2022,data/generated/charts/development/window_2019_2022_style_02.png,claim_004,2020,2021,The EU unemployment rate was lower in 2021 than in 2020.,supported,true_comparison,derived_development_sample,train
window_2019_2022_style_02_claim_005,window_2019_2022_style_02,window_2019_2022,style_02,2019,2022,data/generated/charts/development/window_2019_2022_style_02.png,claim_005,2020,2021,The EU unemployment rate was higher in 2021 than in 2020.,refuted,false_comparison,derived_development_sample,train
window_2019_2022_style_02_claim_006,window_2019_2022_style_02,window_2019_2022,style_02,2019,2022,data/generated/charts/development/window_2019_2022_style_02.png,claim_006,2020,2021,The EU unemployment rate was higher in 2023 than in 2021.,not_enough_information,outside_chart_range,derived_development_sample,train
window_2019_2022_style_02_claim_007,window_2019_2022_style_02,window_2019_2022,style_02,2019,2022,data/generated/charts/development/window_2019_2022_style_02.png,claim_007,2021,2022,The EU unemployment rate was lower in 2022 than in 2021.,supported,true_comparison,derived_development_sample,train
window_2019_2022_style_02_claim_008,window_2019_2022_style_02,window_2019_2022,style_02,2019,2022,data/generated/charts/development/window_2019_2022_style_02.png,claim_008,2021,2022,The EU unemployment rate was higher in 2022 than in 2021.,refuted,false_comparison,derived_development_sample,train
window_2019_2022_style_02_claim_009,window_2019_2022_style_02,window_2019_2022,style_02,2019,2022,data/generated/charts/development/window_2019_2022_style_02.png,claim_009,2021,2022,The EU unemployment rate was higher in 2023 than in 2022.,not_enough_information,outside_chart_range,derived_development_sample,train
window_2019_2022_style_03_claim_001,window_2019_2022_style_03,window_2019_2022,style_03,2019,2022,data/generated/charts/development/window_2019_2022_style_03.png,claim_001,2019,2020,The EU unemployment rate was higher in 2020 than in 2019.,supported,true_comparison,derived_development_sample,train
window_2019_2022_style_03_claim_002,window_2019_2022_style_03,window_2019_2022,style_03,2019,2022,data/generated/charts/development/window_2019_2022_style_03.png,claim_002,2019,2020,The EU unemployment rate was lower in 2020 than in 2019.,refuted,false_comparison,derived_development_sample,train
window_2019_2022_style_03_claim_003,window_2019_2022_style_03,window_2019_2022,style_03,2019,2022,data/generated/charts/development/window_2019_2022_style_03.png,claim_003,2019,2020,The EU unemployment rate was higher in 2023 than in 2020.,not_enough_information,outside_chart_range,derived_development_sample,train
window_2019_2022_style_03_claim_004,window_2019_2022_style_03,window_2019_2022,style_03,2019,2022,data/generated/charts/development/window_2019_2022_style_03.png,claim_004,2020,2021,The EU unemployment rate was lower in 2021 than in 2020.,supported,true_comparison,derived_development_sample,train
window_2019_2022_style_03_claim_005,window_2019_2022_style_03,window_2019_2022,style_03,2019,2022,data/generated/charts/development/window_2019_2022_style_03.png,claim_005,2020,2021,The EU unemployment rate was higher in 2021 than in 2020.,refuted,false_comparison,derived_development_sample,train
window_2019_2022_style_03_claim_006,window_2019_2022_style_03,window_2019_2022,style_03,2019,2022,data/generated/charts/development/window_2019_2022_style_03.png,claim_006,2020,2021,The EU unemployment rate was higher in 2023 than in 2021.,not_enough_information,outside_chart_range,derived_development_sample,train
window_2019_2022_style_03_claim_007,window_2019_2022_style_03,window_2019_2022,style_03,2019,2022,data/generated/charts/development/window_2019_2022_style_03.png,claim_007,2021,2022,The EU unemployment rate was lower in 2022 than in 2021.,supported,true_comparison,derived_development_sample,train
window_2019_2022_style_03_claim_008,window_2019_2022_style_03,window_2019_2022,style_03,2019,2022,data/generated/charts/development/window_2019_2022_style_03.png,claim_008,2021,2022,The EU unemployment rate was higher in 2022 than in 2021.,refuted,false_comparison,derived_development_sample,train
window_2019_2022_style_03_claim_009,window_2019_2022_style_03,window_2019_2022,style_03,2019,2022,data/generated/charts/development/window_2019_2022_style_03.png,claim_009,2021,2022,The EU unemployment rate was higher in 2023 than in 2022.,not_enough_information,outside_chart_range,derived_development_sample,train
window_2021_2024_style_01_claim_001,window_2021_2024_style_01,window_2021_2024,style_01,2021,2024,data/generated/charts/development/window_2021_2024_style_01.png,claim_001,2021,2022,The EU unemployment rate was lower in 2022 than in 2021.,supported,true_comparison,derived_development_sample,train
window_2021_2024_style_01_claim_002,window_2021_2024_style_01,window_2021_2024,style_01,2021,2024,data/generated/charts/development/window_2021_2024_style_01.png,claim_002,2021,2022,The EU unemployment rate was higher in 2022 than in 2021.,refuted,false_comparison,derived_development_sample,train
window_2021_2024_style_01_claim_003,window_2021_2024_style_01,window_2021_2024,style_01,2021,2024,data/generated/charts/development/window_2021_2024_style_01.png,claim_003,2021,2022,The EU unemployment rate was higher in 2025 than in 2022.,not_enough_information,outside_chart_range,derived_development_sample,train
window_2021_2024_style_01_claim_004,window_2021_2024_style_01,window_2021_2024,style_01,2021,2024,data/generated/charts/development/window_2021_2024_style_01.png,claim_004,2022,2023,The EU unemployment rate was lower in 2023 than in 2022.,supported,true_comparison,derived_development_sample,train
window_2021_2024_style_01_claim_005,window_2021_2024_style_01,window_2021_2024,style_01,2021,2024,data/generated/charts/development/window_2021_2024_style_01.png,claim_005,2022,2023,The EU unemployment rate was higher in 2023 than in 2022.,refuted,false_comparison,derived_development_sample,train
window_2021_2024_style_01_claim_006,window_2021_2024_style_01,window_2021_2024,style_01,2021,2024,data/generated/charts/development/window_2021_2024_style_01.png,claim_006,2022,2023,The EU unemployment rate was higher in 2025 than in 2023.,not_enough_information,outside_chart_range,derived_development_sample,train
window_2021_2024_style_01_claim_007,window_2021_2024_style_01,window_2021_2024,style_01,2021,2024,data/generated/charts/development/window_2021_2024_style_01.png,claim_007,2023,2024,The EU unemployment rate was lower in 2024 than in 2023.,supported,true_comparison,derived_development_sample,train
window_2021_2024_style_01_claim_008,window_2021_2024_style_01,window_2021_2024,style_01,2021,2024,data/generated/charts/development/window_2021_2024_style_01.png,claim_008,2023,2024,The EU unemployment rate was higher in 2024 than in 2023.,refuted,false_comparison,derived_development_sample,train
window_2021_2024_style_01_claim_009,window_2021_2024_style_01,window_2021_2024,style_01,2021,2024,data/generated/charts/development/window_2021_2024_style_01.png,claim_009,2023,2024,The EU unemployment rate was higher in 2025 than in 2024.,not_enough_information,outside_chart_range,derived_development_sample,train
window_2021_2024_style_02_claim_001,window_2021_2024_style_02,window_2021_2024,style_02,2021,2024,data/generated/charts/development/window_2021_2024_style_02.png,claim_001,2021,2022,The EU unemployment rate was lower in 2022 than in 2021.,supported,true_comparison,derived_development_sample,train
window_2021_2024_style_02_claim_002,window_2021_2024_style_02,window_2021_2024,style_02,2021,2024,data/generated/charts/development/window_2021_2024_style_02.png,claim_002,2021,2022,The EU unemployment rate was higher in 2022 than in 2021.,refuted,false_comparison,derived_development_sample,train
window_2021_2024_style_02_claim_003,window_2021_2024_style_02,window_2021_2024,style_02,2021,2024,data/generated/charts/development/window_2021_2024_style_02.png,claim_003,2021,2022,The EU unemployment rate was higher in 2025 than in 2022.,not_enough_information,outside_chart_range,derived_development_sample,train
window_2021_2024_style_02_claim_004,window_2021_2024_style_02,window_2021_2024,style_02,2021,2024,data/generated/charts/development/window_2021_2024_style_02.png,claim_004,2022,2023,The EU unemployment rate was lower in 2023 than in 2022.,supported,true_comparison,derived_development_sample,train
window_2021_2024_style_02_claim_005,window_2021_2024_style_02,window_2021_2024,style_02,2021,2024,data/generated/charts/development/window_2021_2024_style_02.png,claim_005,2022,2023,The EU unemployment rate was higher in 2023 than in 2022.,refuted,false_comparison,derived_development_sample,train
window_2021_2024_style_02_claim_006,window_2021_2024_style_02,window_2021_2024,style_02,2021,2024,data/generated/charts/development/window_2021_2024_style_02.png,claim_006,2022,2023,The EU unemployment rate was higher in 2025 than in 2023.,not_enough_information,outside_chart_range,derived_development_sample,train
window_2021_2024_style_02_claim_007,window_2021_2024_style_02,window_2021_2024,style_02,2021,2024,data/generated/charts/development/window_2021_2024_style_02.png,claim_007,2023,2024,The EU unemployment rate was lower in 2024 than in 2023.,supported,true_comparison,derived_development_sample,train
window_2021_2024_style_02_claim_008,window_2021_2024_style_02,window_2021_2024,style_02,2021,2024,data/generated/charts/development/window_2021_2024_style_02.png,claim_008,2023,2024,The EU unemployment rate was higher in 2024 than in 2023.,refuted,false_comparison,derived_development_sample,train
window_2021_2024_style_02_claim_009,window_2021_2024_style_02,window_2021_2024,style_02,2021,2024,data/generated/charts/development/window_2021_2024_style_02.png,claim_009,2023,2024,The EU unemployment rate was higher in 2025 than in 2024.,not_enough_information,outside_chart_range,derived_development_sample,train
window_2021_2024_style_03_claim_001,window_2021_2024_style_03,window_2021_2024,style_03,2021,2024,data/generated/charts/development/window_2021_2024_style_03.png,claim_001,2021,2022,The EU unemployment rate was lower in 2022 than in 2021.,supported,true_comparison,derived_development_sample,train
window_2021_2024_style_03_claim_002,window_2021_2024_style_03,window_2021_2024,style_03,2021,2024,data/generated/charts/development/window_2021_2024_style_03.png,claim_002,2021,2022,The EU unemployment rate was higher in 2022 than in 2021.,refuted,false_comparison,derived_development_sample,train
window_2021_2024_style_03_claim_003,window_2021_2024_style_03,window_2021_2024,style_03,2021,2024,data/generated/charts/development/window_2021_2024_style_03.png,claim_003,2021,2022,The EU unemployment rate was higher in 2025 than in 2022.,not_enough_information,outside_chart_range,derived_development_sample,train
window_2021_2024_style_03_claim_004,window_2021_2024_style_03,window_2021_2024,style_03,2021,2024,data/generated/charts/development/window_2021_2024_style_03.png,claim_004,2022,2023,The EU unemployment rate was lower in 2023 than in 2022.,supported,true_comparison,derived_development_sample,train
window_2021_2024_style_03_claim_005,window_2021_2024_style_03,window_2021_2024,style_03,2021,2024,data/generated/charts/development/window_2021_2024_style_03.png,claim_005,2022,2023,The EU unemployment rate was higher in 2023 than in 2022.,refuted,false_comparison,derived_development_sample,train
window_2021_2024_style_03_claim_006,window_2021_2024_style_03,window_2021_2024,style_03,2021,2024,data/generated/charts/development/window_2021_2024_style_03.png,claim_006,2022,2023,The EU unemployment rate was higher in 2025 than in 2023.,not_enough_information,outside_chart_range,derived_development_sample,train
window_2021_2024_style_03_claim_007,window_2021_2024_style_03,window_2021_2024,style_03,2021,2024,data/generated/charts/development/window_2021_2024_style_03.png,claim_007,2023,2024,The EU unemployment rate was lower in 2024 than in 2023.,supported,true_comparison,derived_development_sample,train
window_2021_2024_style_03_claim_008,window_2021_2024_style_03,window_2021_2024,style_03,2021,2024,data/generated/charts/development/window_2021_2024_style_03.png,claim_008,2023,2024,The EU unemployment rate was higher in 2024 than in 2023.,refuted,false_comparison,derived_development_sample,train
window_2021_2024_style_03_claim_009,window_2021_2024_style_03,window_2021_2024,style_03,2021,2024,data/generated/charts/development/window_2021_2024_style_03.png,claim_009,2023,2024,The EU unemployment rate was higher in 2025 than in 2024.,not_enough_information,outside_chart_range,derived_development_sample,train
window_2019_2023_style_01_claim_001,window_2019_2023_style_01,window_2019_2023,style_01,2019,2023,data/generated/charts/development/window_2019_2023_style_01.png,claim_001,2019,2020,The EU unemployment rate was higher in 2020 than in 2019.,supported,true_comparison,derived_development_sample,train
window_2019_2023_style_01_claim_002,window_2019_2023_style_01,window_2019_2023,style_01,2019,2023,data/generated/charts/development/window_2019_2023_style_01.png,claim_002,2019,2020,The EU unemployment rate was lower in 2020 than in 2019.,refuted,false_comparison,derived_development_sample,train
window_2019_2023_style_01_claim_003,window_2019_2023_style_01,window_2019_2023,style_01,2019,2023,data/generated/charts/development/window_2019_2023_style_01.png,claim_003,2019,2020,The EU unemployment rate was higher in 2024 than in 2020.,not_enough_information,outside_chart_range,derived_development_sample,train
window_2019_2023_style_01_claim_004,window_2019_2023_style_01,window_2019_2023,style_01,2019,2023,data/generated/charts/development/window_2019_2023_style_01.png,claim_004,2020,2021,The EU unemployment rate was lower in 2021 than in 2020.,supported,true_comparison,derived_development_sample,train
window_2019_2023_style_01_claim_005,window_2019_2023_style_01,window_2019_2023,style_01,2019,2023,data/generated/charts/development/window_2019_2023_style_01.png,claim_005,2020,2021,The EU unemployment rate was higher in 2021 than in 2020.,refuted,false_comparison,derived_development_sample,train
window_2019_2023_style_01_claim_006,window_2019_2023_style_01,window_2019_2023,style_01,2019,2023,data/generated/charts/development/window_2019_2023_style_01.png,claim_006,2020,2021,The EU unemployment rate was higher in 2024 than in 2021.,not_enough_information,outside_chart_range,derived_development_sample,train
window_2019_2023_style_01_claim_007,window_2019_2023_style_01,window_2019_2023,style_01,2019,2023,data/generated/charts/development/window_2019_2023_style_01.png,claim_007,2021,2022,The EU unemployment rate was lower in 2022 than in 2021.,supported,true_comparison,derived_development_sample,train
window_2019_2023_style_01_claim_008,window_2019_2023_style_01,window_2019_2023,style_01,2019,2023,data/generated/charts/development/window_2019_2023_style_01.png,claim_008,2021,2022,The EU unemployment rate was higher in 2022 than in 2021.,refuted,false_comparison,derived_development_sample,train
window_2019_2023_style_01_claim_009,window_2019_2023_style_01,window_2019_2023,style_01,2019,2023,data/generated/charts/development/window_2019_2023_style_01.png,claim_009,2021,2022,The EU unemployment rate was higher in 2024 than in 2022.,not_enough_information,outside_chart_range,derived_development_sample,train
window_2019_2023_style_01_claim_010,window_2019_2023_style_01,window_2019_2023,style_01,2019,2023,data/generated/charts/development/window_2019_2023_style_01.png,claim_010,2022,2023,The EU unemployment rate was lower in 2023 than in 2022.,supported,true_comparison,derived_development_sample,train
window_2019_2023_style_01_claim_011,window_2019_2023_style_01,window_2019_2023,style_01,2019,2023,data/generated/charts/development/window_2019_2023_style_01.png,claim_011,2022,2023,The EU unemployment rate was higher in 2023 than in 2022.,refuted,false_comparison,derived_development_sample,train
window_2019_2023_style_01_claim_012,window_2019_2023_style_01,window_2019_2023,style_01,2019,2023,data/generated/charts/development/window_2019_2023_style_01.png,claim_012,2022,2023,The EU unemployment rate was higher in 2024 than in 2023.,not_enough_information,outside_chart_range,derived_development_sample,train
window_2019_2023_style_02_claim_001,window_2019_2023_style_02,window_2019_2023,style_02,2019,2023,data/generated/charts/development/window_2019_2023_style_02.png,claim_001,2019,2020,The EU unemployment rate was higher in 2020 than in 2019.,supported,true_comparison,derived_development_sample,train
window_2019_2023_style_02_claim_002,window_2019_2023_style_02,window_2019_2023,style_02,2019,2023,data/generated/charts/development/window_2019_2023_style_02.png,claim_002,2019,2020,The EU unemployment rate was lower in 2020 than in 2019.,refuted,false_comparison,derived_development_sample,train
window_2019_2023_style_02_claim_003,window_2019_2023_style_02,window_2019_2023,style_02,2019,2023,data/generated/charts/development/window_2019_2023_style_02.png,claim_003,2019,2020,The EU unemployment rate was higher in 2024 than in 2020.,not_enough_information,outside_chart_range,derived_development_sample,train
window_2019_2023_style_02_claim_004,window_2019_2023_style_02,window_2019_2023,style_02,2019,2023,data/generated/charts/development/window_2019_2023_style_02.png,claim_004,2020,2021,The EU unemployment rate was lower in 2021 than in 2020.,supported,true_comparison,derived_development_sample,train
window_2019_2023_style_02_claim_005,window_2019_2023_style_02,window_2019_2023,style_02,2019,2023,data/generated/charts/development/window_2019_2023_style_02.png,claim_005,2020,2021,The EU unemployment rate was higher in 2021 than in 2020.,refuted,false_comparison,derived_development_sample,train
window_2019_2023_style_02_claim_006,window_2019_2023_style_02,window_2019_2023,style_02,2019,2023,data/generated/charts/development/window_2019_2023_style_02.png,claim_006,2020,2021,The EU unemployment rate was higher in 2024 than in 2021.,not_enough_information,outside_chart_range,derived_development_sample,train
window_2019_2023_style_02_claim_007,window_2019_2023_style_02,window_2019_2023,style_02,2019,2023,data/generated/charts/development/window_2019_2023_style_02.png,claim_007,2021,2022,The EU unemployment rate was lower in 2022 than in 2021.,supported,true_comparison,derived_development_sample,train
window_2019_2023_style_02_claim_008,window_2019_2023_style_02,window_2019_2023,style_02,2019,2023,data/generated/charts/development/window_2019_2023_style_02.png,claim_008,2021,2022,The EU unemployment rate was higher in 2022 than in 2021.,refuted,false_comparison,derived_development_sample,train
window_2019_2023_style_02_claim_009,window_2019_2023_style_02,window_2019_2023,style_02,2019,2023,data/generated/charts/development/window_2019_2023_style_02.png,claim_009,2021,2022,The EU unemployment rate was higher in 2024 than in 2022.,not_enough_information,outside_chart_range,derived_development_sample,train
window_2019_2023_style_02_claim_010,window_2019_2023_style_02,window_2019_2023,style_02,2019,2023,data/generated/charts/development/window_2019_2023_style_02.png,claim_010,2022,2023,The EU unemployment rate was lower in 2023 than in 2022.,supported,true_comparison,derived_development_sample,train
window_2019_2023_style_02_claim_011,window_2019_2023_style_02,window_2019_2023,style_02,2019,2023,data/generated/charts/development/window_2019_2023_style_02.png,claim_011,2022,2023,The EU unemployment rate was higher in 2023 than in 2022.,refuted,false_comparison,derived_development_sample,train
window_2019_2023_style_02_claim_012,window_2019_2023_style_02,window_2019_2023,style_02,2019,2023,data/generated/charts/development/window_2019_2023_style_02.png,claim_012,2022,2023,The EU unemployment rate was higher in 2024 than in 2023.,not_enough_information,outside_chart_range,derived_development_sample,train
window_2019_2023_style_03_claim_001,window_2019_2023_style_03,window_2019_2023,style_03,2019,2023,data/generated/charts/development/window_2019_2023_style_03.png,claim_001,2019,2020,The EU unemployment rate was higher in 2020 than in 2019.,supported,true_comparison,derived_development_sample,train
window_2019_2023_style_03_claim_002,window_2019_2023_style_03,window_2019_2023,style_03,2019,2023,data/generated/charts/development/window_2019_2023_style_03.png,claim_002,2019,2020,The EU unemployment rate was lower in 2020 than in 2019.,refuted,false_comparison,derived_development_sample,train
window_2019_2023_style_03_claim_003,window_2019_2023_style_03,window_2019_2023,style_03,2019,2023,data/generated/charts/development/window_2019_2023_style_03.png,claim_003,2019,2020,The EU unemployment rate was higher in 2024 than in 2020.,not_enough_information,outside_chart_range,derived_development_sample,train
window_2019_2023_style_03_claim_004,window_2019_2023_style_03,window_2019_2023,style_03,2019,2023,data/generated/charts/development/window_2019_2023_style_03.png,claim_004,2020,2021,The EU unemployment rate was lower in 2021 than in 2020.,supported,true_comparison,derived_development_sample,train
window_2019_2023_style_03_claim_005,window_2019_2023_style_03,window_2019_2023,style_03,2019,2023,data/generated/charts/development/window_2019_2023_style_03.png,claim_005,2020,2021,The EU unemployment rate was higher in 2021 than in 2020.,refuted,false_comparison,derived_development_sample,train
window_2019_2023_style_03_claim_006,window_2019_2023_style_03,window_2019_2023,style_03,2019,2023,data/generated/charts/development/window_2019_2023_style_03.png,claim_006,2020,2021,The EU unemployment rate was higher in 2024 than in 2021.,not_enough_information,outside_chart_range,derived_development_sample,train
window_2019_2023_style_03_claim_007,window_2019_2023_style_03,window_2019_2023,style_03,2019,2023,data/generated/charts/development/window_2019_2023_style_03.png,claim_007,2021,2022,The EU unemployment rate was lower in 2022 than in 2021.,supported,true_comparison,derived_development_sample,train
window_2019_2023_style_03_claim_008,window_2019_2023_style_03,window_2019_2023,style_03,2019,2023,data/generated/charts/development/window_2019_2023_style_03.png,claim_008,2021,2022,The EU unemployment rate was higher in 2022 than in 2021.,refuted,false_comparison,derived_development_sample,train
window_2019_2023_style_03_claim_009,window_2019_2023_style_03,window_2019_2023,style_03,2019,2023,data/generated/charts/development/window_2019_2023_style_03.png,claim_009,2021,2022,The EU unemployment rate was higher in 2024 than in 2022.,not_enough_information,outside_chart_range,derived_development_sample,train
window_2019_2023_style_03_claim_010,window_2019_2023_style_03,window_2019_2023,style_03,2019,2023,data/generated/charts/development/window_2019_2023_style_03.png,claim_010,2022,2023,The EU unemployment rate was lower in 2023 than in 2022.,supported,true_comparison,derived_development_sample,train
window_2019_2023_style_03_claim_011,window_2019_2023_style_03,window_2019_2023,style_03,2019,2023,data/generated/charts/development/window_2019_2023_style_03.png,claim_011,2022,2023,The EU unemployment rate was higher in 2023 than in 2022.,refuted,false_comparison,derived_development_sample,train
window_2019_2023_style_03_claim_012,window_2019_2023_style_03,window_2019_2023,style_03,2019,2023,data/generated/charts/development/window_2019_2023_style_03.png,claim_012,2022,2023,The EU unemployment rate was higher in 2024 than in 2023.,not_enough_information,outside_chart_range,derived_development_sample,train
window_2020_2024_style_01_claim_001,window_2020_2024_style_01,window_2020_2024,style_01,2020,2024,data/generated/charts/development/window_2020_2024_style_01.png,claim_001,2020,2021,The EU unemployment rate was lower in 2021 than in 2020.,supported,true_comparison,derived_development_sample,train
window_2020_2024_style_01_claim_002,window_2020_2024_style_01,window_2020_2024,style_01,2020,2024,data/generated/charts/development/window_2020_2024_style_01.png,claim_002,2020,2021,The EU unemployment rate was higher in 2021 than in 2020.,refuted,false_comparison,derived_development_sample,train
window_2020_2024_style_01_claim_003,window_2020_2024_style_01,window_2020_2024,style_01,2020,2024,data/generated/charts/development/window_2020_2024_style_01.png,claim_003,2020,2021,The EU unemployment rate was higher in 2025 than in 2021.,not_enough_information,outside_chart_range,derived_development_sample,train
window_2020_2024_style_01_claim_004,window_2020_2024_style_01,window_2020_2024,style_01,2020,2024,data/generated/charts/development/window_2020_2024_style_01.png,claim_004,2021,2022,The EU unemployment rate was lower in 2022 than in 2021.,supported,true_comparison,derived_development_sample,train
window_2020_2024_style_01_claim_005,window_2020_2024_style_01,window_2020_2024,style_01,2020,2024,data/generated/charts/development/window_2020_2024_style_01.png,claim_005,2021,2022,The EU unemployment rate was higher in 2022 than in 2021.,refuted,false_comparison,derived_development_sample,train
window_2020_2024_style_01_claim_006,window_2020_2024_style_01,window_2020_2024,style_01,2020,2024,data/generated/charts/development/window_2020_2024_style_01.png,claim_006,2021,2022,The EU unemployment rate was higher in 2025 than in 2022.,not_enough_information,outside_chart_range,derived_development_sample,train
window_2020_2024_style_01_claim_007,window_2020_2024_style_01,window_2020_2024,style_01,2020,2024,data/generated/charts/development/window_2020_2024_style_01.png,claim_007,2022,2023,The EU unemployment rate was lower in 2023 than in 2022.,supported,true_comparison,derived_development_sample,train
window_2020_2024_style_01_claim_008,window_2020_2024_style_01,window_2020_2024,style_01,2020,2024,data/generated/charts/development/window_2020_2024_style_01.png,claim_008,2022,2023,The EU unemployment rate was higher in 2023 than in 2022.,refuted,false_comparison,derived_development_sample,train
window_2020_2024_style_01_claim_009,window_2020_2024_style_01,window_2020_2024,style_01,2020,2024,data/generated/charts/development/window_2020_2024_style_01.png,claim_009,2022,2023,The EU unemployment rate was higher in 2025 than in 2023.,not_enough_information,outside_chart_range,derived_development_sample,train
window_2020_2024_style_01_claim_010,window_2020_2024_style_01,window_2020_2024,style_01,2020,2024,data/generated/charts/development/window_2020_2024_style_01.png,claim_010,2023,2024,The EU unemployment rate was lower in 2024 than in 2023.,supported,true_comparison,derived_development_sample,train
window_2020_2024_style_01_claim_011,window_2020_2024_style_01,window_2020_2024,style_01,2020,2024,data/generated/charts/development/window_2020_2024_style_01.png,claim_011,2023,2024,The EU unemployment rate was higher in 2024 than in 2023.,refuted,false_comparison,derived_development_sample,train
window_2020_2024_style_01_claim_012,window_2020_2024_style_01,window_2020_2024,style_01,2020,2024,data/generated/charts/development/window_2020_2024_style_01.png,claim_012,2023,2024,The EU unemployment rate was higher in 2025 than in 2024.,not_enough_information,outside_chart_range,derived_development_sample,train
window_2020_2024_style_02_claim_001,window_2020_2024_style_02,window_2020_2024,style_02,2020,2024,data/generated/charts/development/window_2020_2024_style_02.png,claim_001,2020,2021,The EU unemployment rate was lower in 2021 than in 2020.,supported,true_comparison,derived_development_sample,train
window_2020_2024_style_02_claim_002,window_2020_2024_style_02,window_2020_2024,style_02,2020,2024,data/generated/charts/development/window_2020_2024_style_02.png,claim_002,2020,2021,The EU unemployment rate was higher in 2021 than in 2020.,refuted,false_comparison,derived_development_sample,train
window_2020_2024_style_02_claim_003,window_2020_2024_style_02,window_2020_2024,style_02,2020,2024,data/generated/charts/development/window_2020_2024_style_02.png,claim_003,2020,2021,The EU unemployment rate was higher in 2025 than in 2021.,not_enough_information,outside_chart_range,derived_development_sample,train
window_2020_2024_style_02_claim_004,window_2020_2024_style_02,window_2020_2024,style_02,2020,2024,data/generated/charts/development/window_2020_2024_style_02.png,claim_004,2021,2022,The EU unemployment rate was lower in 2022 than in 2021.,supported,true_comparison,derived_development_sample,train
window_2020_2024_style_02_claim_005,window_2020_2024_style_02,window_2020_2024,style_02,2020,2024,data/generated/charts/development/window_2020_2024_style_02.png,claim_005,2021,2022,The EU unemployment rate was higher in 2022 than in 2021.,refuted,false_comparison,derived_development_sample,train
window_2020_2024_style_02_claim_006,window_2020_2024_style_02,window_2020_2024,style_02,2020,2024,data/generated/charts/development/window_2020_2024_style_02.png,claim_006,2021,2022,The EU unemployment rate was higher in 2025 than in 2022.,not_enough_information,outside_chart_range,derived_development_sample,train
window_2020_2024_style_02_claim_007,window_2020_2024_style_02,window_2020_2024,style_02,2020,2024,data/generated/charts/development/window_2020_2024_style_02.png,claim_007,2022,2023,The EU unemployment rate was lower in 2023 than in 2022.,supported,true_comparison,derived_development_sample,train
window_2020_2024_style_02_claim_008,window_2020_2024_style_02,window_2020_2024,style_02,2020,2024,data/generated/charts/development/window_2020_2024_style_02.png,claim_008,2022,2023,The EU unemployment rate was higher in 2023 than in 2022.,refuted,false_comparison,derived_development_sample,train
window_2020_2024_style_02_claim_009,window_2020_2024_style_02,window_2020_2024,style_02,2020,2024,data/generated/charts/development/window_2020_2024_style_02.png,claim_009,2022,2023,The EU unemployment rate was higher in 2025 than in 2023.,not_enough_information,outside_chart_range,derived_development_sample,train
window_2020_2024_style_02_claim_010,window_2020_2024_style_02,window_2020_2024,style_02,2020,2024,data/generated/charts/development/window_2020_2024_style_02.png,claim_010,2023,2024,The EU unemployment rate was lower in 2024 than in 2023.,supported,true_comparison,derived_development_sample,train
window_2020_2024_style_02_claim_011,window_2020_2024_style_02,window_2020_2024,style_02,2020,2024,data/generated/charts/development/window_2020_2024_style_02.png,claim_011,2023,2024,The EU unemployment rate was higher in 2024 than in 2023.,refuted,false_comparison,derived_development_sample,train
window_2020_2024_style_02_claim_012,window_2020_2024_style_02,window_2020_2024,style_02,2020,2024,data/generated/charts/development/window_2020_2024_style_02.png,claim_012,2023,2024,The EU unemployment rate was higher in 2025 than in 2024.,not_enough_information,outside_chart_range,derived_development_sample,train
window_2020_2024_style_03_claim_001,window_2020_2024_style_03,window_2020_2024,style_03,2020,2024,data/generated/charts/development/window_2020_2024_style_03.png,claim_001,2020,2021,The EU unemployment rate was lower in 2021 than in 2020.,supported,true_comparison,derived_development_sample,train
window_2020_2024_style_03_claim_002,window_2020_2024_style_03,window_2020_2024,style_03,2020,2024,data/generated/charts/development/window_2020_2024_style_03.png,claim_002,2020,2021,The EU unemployment rate was higher in 2021 than in 2020.,refuted,false_comparison,derived_development_sample,train
window_2020_2024_style_03_claim_003,window_2020_2024_style_03,window_2020_2024,style_03,2020,2024,data/generated/charts/development/window_2020_2024_style_03.png,claim_003,2020,2021,The EU unemployment rate was higher in 2025 than in 2021.,not_enough_information,outside_chart_range,derived_development_sample,train
window_2020_2024_style_03_claim_004,window_2020_2024_style_03,window_2020_2024,style_03,2020,2024,data/generated/charts/development/window_2020_2024_style_03.png,claim_004,2021,2022,The EU unemployment rate was lower in 2022 than in 2021.,supported,true_comparison,derived_development_sample,train
window_2020_2024_style_03_claim_005,window_2020_2024_style_03,window_2020_2024,style_03,2020,2024,data/generated/charts/development/window_2020_2024_style_03.png,claim_005,2021,2022,The EU unemployment rate was higher in 2022 than in 2021.,refuted,false_comparison,derived_development_sample,train
window_2020_2024_style_03_claim_006,window_2020_2024_style_03,window_2020_2024,style_03,2020,2024,data/generated/charts/development/window_2020_2024_style_03.png,claim_006,2021,2022,The EU unemployment rate was higher in 2025 than in 2022.,not_enough_information,outside_chart_range,derived_development_sample,train
window_2020_2024_style_03_claim_007,window_2020_2024_style_03,window_2020_2024,style_03,2020,2024,data/generated/charts/development/window_2020_2024_style_03.png,claim_007,2022,2023,The EU unemployment rate was lower in 2023 than in 2022.,supported,true_comparison,derived_development_sample,train
window_2020_2024_style_03_claim_008,window_2020_2024_style_03,window_2020_2024,style_03,2020,2024,data/generated/charts/development/window_2020_2024_style_03.png,claim_008,2022,2023,The EU unemployment rate was higher in 2023 than in 2022.,refuted,false_comparison,derived_development_sample,train
window_2020_2024_style_03_claim_009,window_2020_2024_style_03,window_2020_2024,style_03,2020,2024,data/generated/charts/development/window_2020_2024_style_03.png,claim_009,2022,2023,The EU unemployment rate was higher in 2025 than in 2023.,not_enough_information,outside_chart_range,derived_development_sample,train
window_2020_2024_style_03_claim_010,window_2020_2024_style_03,window_2020_2024,style_03,2020,2024,data/generated/charts/development/window_2020_2024_style_03.png,claim_010,2023,2024,The EU unemployment rate was lower in 2024 than in 2023.,supported,true_comparison,derived_development_sample,train
window_2020_2024_style_03_claim_011,window_2020_2024_style_03,window_2020_2024,style_03,2020,2024,data/generated/charts/development/window_2020_2024_style_03.png,claim_011,2023,2024,The EU unemployment rate was higher in 2024 than in 2023.,refuted,false_comparison,derived_development_sample,train
window_2020_2024_style_03_claim_012,window_2020_2024_style_03,window_2020_2024,style_03,2020,2024,data/generated/charts/development/window_2020_2024_style_03.png,claim_012,2023,2024,The EU unemployment rate was higher in 2025 than in 2024.,not_enough_information,outside_chart_range,derived_development_sample,train
window_2021_2025_style_01_claim_001,window_2021_2025_style_01,window_2021_2025,style_01,2021,2025,data/generated/charts/development/window_2021_2025_style_01.png,claim_001,2021,2022,The EU unemployment rate was lower in 2022 than in 2021.,supported,true_comparison,derived_development_sample,train
window_2021_2025_style_01_claim_002,window_2021_2025_style_01,window_2021_2025,style_01,2021,2025,data/generated/charts/development/window_2021_2025_style_01.png,claim_002,2021,2022,The EU unemployment rate was higher in 2022 than in 2021.,refuted,false_comparison,derived_development_sample,train
window_2021_2025_style_01_claim_003,window_2021_2025_style_01,window_2021_2025,style_01,2021,2025,data/generated/charts/development/window_2021_2025_style_01.png,claim_003,2021,2022,The EU unemployment rate was higher in 2026 than in 2022.,not_enough_information,outside_chart_range,derived_development_sample,train
window_2021_2025_style_01_claim_004,window_2021_2025_style_01,window_2021_2025,style_01,2021,2025,data/generated/charts/development/window_2021_2025_style_01.png,claim_004,2022,2023,The EU unemployment rate was lower in 2023 than in 2022.,supported,true_comparison,derived_development_sample,train
window_2021_2025_style_01_claim_005,window_2021_2025_style_01,window_2021_2025,style_01,2021,2025,data/generated/charts/development/window_2021_2025_style_01.png,claim_005,2022,2023,The EU unemployment rate was higher in 2023 than in 2022.,refuted,false_comparison,derived_development_sample,train
window_2021_2025_style_01_claim_006,window_2021_2025_style_01,window_2021_2025,style_01,2021,2025,data/generated/charts/development/window_2021_2025_style_01.png,claim_006,2022,2023,The EU unemployment rate was higher in 2026 than in 2023.,not_enough_information,outside_chart_range,derived_development_sample,train
window_2021_2025_style_01_claim_007,window_2021_2025_style_01,window_2021_2025,style_01,2021,2025,data/generated/charts/development/window_2021_2025_style_01.png,claim_007,2023,2024,The EU unemployment rate was lower in 2024 than in 2023.,supported,true_comparison,derived_development_sample,train
window_2021_2025_style_01_claim_008,window_2021_2025_style_01,window_2021_2025,style_01,2021,2025,data/generated/charts/development/window_2021_2025_style_01.png,claim_008,2023,2024,The EU unemployment rate was higher in 2024 than in 2023.,refuted,false_comparison,derived_development_sample,train
window_2021_2025_style_01_claim_009,window_2021_2025_style_01,window_2021_2025,style_01,2021,2025,data/generated/charts/development/window_2021_2025_style_01.png,claim_009,2023,2024,The EU unemployment rate was higher in 2026 than in 2024.,not_enough_information,outside_chart_range,derived_development_sample,train
window_2021_2025_style_01_claim_010,window_2021_2025_style_01,window_2021_2025,style_01,2021,2025,data/generated/charts/development/window_2021_2025_style_01.png,claim_010,2024,2025,The EU unemployment rate was higher in 2025 than in 2024.,supported,true_comparison,derived_development_sample,train
window_2021_2025_style_01_claim_011,window_2021_2025_style_01,window_2021_2025,style_01,2021,2025,data/generated/charts/development/window_2021_2025_style_01.png,claim_011,2024,2025,The EU unemployment rate was lower in 2025 than in 2024.,refuted,false_comparison,derived_development_sample,train
window_2021_2025_style_01_claim_012,window_2021_2025_style_01,window_2021_2025,style_01,2021,2025,data/generated/charts/development/window_2021_2025_style_01.png,claim_012,2024,2025,The EU unemployment rate was higher in 2026 than in 2025.,not_enough_information,outside_chart_range,derived_development_sample,train
window_2021_2025_style_02_claim_001,window_2021_2025_style_02,window_2021_2025,style_02,2021,2025,data/generated/charts/development/window_2021_2025_style_02.png,claim_001,2021,2022,The EU unemployment rate was lower in 2022 than in 2021.,supported,true_comparison,derived_development_sample,train
window_2021_2025_style_02_claim_002,window_2021_2025_style_02,window_2021_2025,style_02,2021,2025,data/generated/charts/development/window_2021_2025_style_02.png,claim_002,2021,2022,The EU unemployment rate was higher in 2022 than in 2021.,refuted,false_comparison,derived_development_sample,train
window_2021_2025_style_02_claim_003,window_2021_2025_style_02,window_2021_2025,style_02,2021,2025,data/generated/charts/development/window_2021_2025_style_02.png,claim_003,2021,2022,The EU unemployment rate was higher in 2026 than in 2022.,not_enough_information,outside_chart_range,derived_development_sample,train
window_2021_2025_style_02_claim_004,window_2021_2025_style_02,window_2021_2025,style_02,2021,2025,data/generated/charts/development/window_2021_2025_style_02.png,claim_004,2022,2023,The EU unemployment rate was lower in 2023 than in 2022.,supported,true_comparison,derived_development_sample,train
window_2021_2025_style_02_claim_005,window_2021_2025_style_02,window_2021_2025,style_02,2021,2025,data/generated/charts/development/window_2021_2025_style_02.png,claim_005,2022,2023,The EU unemployment rate was higher in 2023 than in 2022.,refuted,false_comparison,derived_development_sample,train
window_2021_2025_style_02_claim_006,window_2021_2025_style_02,window_2021_2025,style_02,2021,2025,data/generated/charts/development/window_2021_2025_style_02.png,claim_006,2022,2023,The EU unemployment rate was higher in 2026 than in 2023.,not_enough_information,outside_chart_range,derived_development_sample,train
window_2021_2025_style_02_claim_007,window_2021_2025_style_02,window_2021_2025,style_02,2021,2025,data/generated/charts/development/window_2021_2025_style_02.png,claim_007,2023,2024,The EU unemployment rate was lower in 2024 than in 2023.,supported,true_comparison,derived_development_sample,train
window_2021_2025_style_02_claim_008,window_2021_2025_style_02,window_2021_2025,style_02,2021,2025,data/generated/charts/development/window_2021_2025_style_02.png,claim_008,2023,2024,The EU unemployment rate was higher in 2024 than in 2023.,refuted,false_comparison,derived_development_sample,train
window_2021_2025_style_02_claim_009,window_2021_2025_style_02,window_2021_2025,style_02,2021,2025,data/generated/charts/development/window_2021_2025_style_02.png,claim_009,2023,2024,The EU unemployment rate was higher in 2026 than in 2024.,not_enough_information,outside_chart_range,derived_development_sample,train
window_2021_2025_style_02_claim_010,window_2021_2025_style_02,window_2021_2025,style_02,2021,2025,data/generated/charts/development/window_2021_2025_style_02.png,claim_010,2024,2025,The EU unemployment rate was higher in 2025 than in 2024.,supported,true_comparison,derived_development_sample,train
window_2021_2025_style_02_claim_011,window_2021_2025_style_02,window_2021_2025,style_02,2021,2025,data/generated/charts/development/window_2021_2025_style_02.png,claim_011,2024,2025,The EU unemployment rate was lower in 2025 than in 2024.,refuted,false_comparison,derived_development_sample,train
window_2021_2025_style_02_claim_012,window_2021_2025_style_02,window_2021_2025,style_02,2021,2025,data/generated/charts/development/window_2021_2025_style_02.png,claim_012,2024,2025,The EU unemployment rate was higher in 2026 than in 2025.,not_enough_information,outside_chart_range,derived_development_sample,train
window_2021_2025_style_03_claim_001,window_2021_2025_style_03,window_2021_2025,style_03,2021,2025,data/generated/charts/development/window_2021_2025_style_03.png,claim_001,2021,2022,The EU unemployment rate was lower in 2022 than in 2021.,supported,true_comparison,derived_development_sample,train
window_2021_2025_style_03_claim_002,window_2021_2025_style_03,window_2021_2025,style_03,2021,2025,data/generated/charts/development/window_2021_2025_style_03.png,claim_002,2021,2022,The EU unemployment rate was higher in 2022 than in 2021.,refuted,false_comparison,derived_development_sample,train
window_2021_2025_style_03_claim_003,window_2021_2025_style_03,window_2021_2025,style_03,2021,2025,data/generated/charts/development/window_2021_2025_style_03.png,claim_003,2021,2022,The EU unemployment rate was higher in 2026 than in 2022.,not_enough_information,outside_chart_range,derived_development_sample,train
window_2021_2025_style_03_claim_004,window_2021_2025_style_03,window_2021_2025,style_03,2021,2025,data/generated/charts/development/window_2021_2025_style_03.png,claim_004,2022,2023,The EU unemployment rate was lower in 2023 than in 2022.,supported,true_comparison,derived_development_sample,train
window_2021_2025_style_03_claim_005,window_2021_2025_style_03,window_2021_2025,style_03,2021,2025,data/generated/charts/development/window_2021_2025_style_03.png,claim_005,2022,2023,The EU unemployment rate was higher in 2023 than in 2022.,refuted,false_comparison,derived_development_sample,train
window_2021_2025_style_03_claim_006,window_2021_2025_style_03,window_2021_2025,style_03,2021,2025,data/generated/charts/development/window_2021_2025_style_03.png,claim_006,2022,2023,The EU unemployment rate was higher in 2026 than in 2023.,not_enough_information,outside_chart_range,derived_development_sample,train
window_2021_2025_style_03_claim_007,window_2021_2025_style_03,window_2021_2025,style_03,2021,2025,data/generated/charts/development/window_2021_2025_style_03.png,claim_007,2023,2024,The EU unemployment rate was lower in 2024 than in 2023.,supported,true_comparison,derived_development_sample,train
window_2021_2025_style_03_claim_008,window_2021_2025_style_03,window_2021_2025,style_03,2021,2025,data/generated/charts/development/window_2021_2025_style_03.png,claim_008,2023,2024,The EU unemployment rate was higher in 2024 than in 2023.,refuted,false_comparison,derived_development_sample,train
window_2021_2025_style_03_claim_009,window_2021_2025_style_03,window_2021_2025,style_03,2021,2025,data/generated/charts/development/window_2021_2025_style_03.png,claim_009,2023,2024,The EU unemployment rate was higher in 2026 than in 2024.,not_enough_information,outside_chart_range,derived_development_sample,train
window_2021_2025_style_03_claim_010,window_2021_2025_style_03,window_2021_2025,style_03,2021,2025,data/generated/charts/development/window_2021_2025_style_03.png,claim_010,2024,2025,The EU unemployment rate was higher in 2025 than in 2024.,supported,true_comparison,derived_development_sample,train
window_2021_2025_style_03_claim_011,window_2021_2025_style_03,window_2021_2025,style_03,2021,2025,data/generated/charts/development/window_2021_2025_style_03.png,claim_011,2024,2025,The EU unemployment rate was lower in 2025 than in 2024.,refuted,false_comparison,derived_development_sample,train
window_2021_2025_style_03_claim_012,window_2021_2025_style_03,window_2021_2025,style_03,2021,2025,data/generated/charts/development/window_2021_2025_style_03.png,claim_012,2024,2025,The EU unemployment rate was higher in 2026 than in 2025.,not_enough_information,outside_chart_range,derived_development_sample,train
window_2019_2024_style_01_claim_001,window_2019_2024_style_01,window_2019_2024,style_01,2019,2024,data/generated/charts/development/window_2019_2024_style_01.png,claim_001,2019,2020,The EU unemployment rate was higher in 2020 than in 2019.,supported,true_comparison,derived_development_sample,train
window_2019_2024_style_01_claim_002,window_2019_2024_style_01,window_2019_2024,style_01,2019,2024,data/generated/charts/development/window_2019_2024_style_01.png,claim_002,2019,2020,The EU unemployment rate was lower in 2020 than in 2019.,refuted,false_comparison,derived_development_sample,train
window_2019_2024_style_01_claim_003,window_2019_2024_style_01,window_2019_2024,style_01,2019,2024,data/generated/charts/development/window_2019_2024_style_01.png,claim_003,2019,2020,The EU unemployment rate was higher in 2025 than in 2020.,not_enough_information,outside_chart_range,derived_development_sample,train
window_2019_2024_style_01_claim_004,window_2019_2024_style_01,window_2019_2024,style_01,2019,2024,data/generated/charts/development/window_2019_2024_style_01.png,claim_004,2020,2021,The EU unemployment rate was lower in 2021 than in 2020.,supported,true_comparison,derived_development_sample,train
window_2019_2024_style_01_claim_005,window_2019_2024_style_01,window_2019_2024,style_01,2019,2024,data/generated/charts/development/window_2019_2024_style_01.png,claim_005,2020,2021,The EU unemployment rate was higher in 2021 than in 2020.,refuted,false_comparison,derived_development_sample,train
window_2019_2024_style_01_claim_006,window_2019_2024_style_01,window_2019_2024,style_01,2019,2024,data/generated/charts/development/window_2019_2024_style_01.png,claim_006,2020,2021,The EU unemployment rate was higher in 2025 than in 2021.,not_enough_information,outside_chart_range,derived_development_sample,train
window_2019_2024_style_01_claim_007,window_2019_2024_style_01,window_2019_2024,style_01,2019,2024,data/generated/charts/development/window_2019_2024_style_01.png,claim_007,2021,2022,The EU unemployment rate was lower in 2022 than in 2021.,supported,true_comparison,derived_development_sample,train
window_2019_2024_style_01_claim_008,window_2019_2024_style_01,window_2019_2024,style_01,2019,2024,data/generated/charts/development/window_2019_2024_style_01.png,claim_008,2021,2022,The EU unemployment rate was higher in 2022 than in 2021.,refuted,false_comparison,derived_development_sample,train
window_2019_2024_style_01_claim_009,window_2019_2024_style_01,window_2019_2024,style_01,2019,2024,data/generated/charts/development/window_2019_2024_style_01.png,claim_009,2021,2022,The EU unemployment rate was higher in 2025 than in 2022.,not_enough_information,outside_chart_range,derived_development_sample,train
window_2019_2024_style_01_claim_010,window_2019_2024_style_01,window_2019_2024,style_01,2019,2024,data/generated/charts/development/window_2019_2024_style_01.png,claim_010,2022,2023,The EU unemployment rate was lower in 2023 than in 2022.,supported,true_comparison,derived_development_sample,train
window_2019_2024_style_01_claim_011,window_2019_2024_style_01,window_2019_2024,style_01,2019,2024,data/generated/charts/development/window_2019_2024_style_01.png,claim_011,2022,2023,The EU unemployment rate was higher in 2023 than in 2022.,refuted,false_comparison,derived_development_sample,train
window_2019_2024_style_01_claim_012,window_2019_2024_style_01,window_2019_2024,style_01,2019,2024,data/generated/charts/development/window_2019_2024_style_01.png,claim_012,2022,2023,The EU unemployment rate was higher in 2025 than in 2023.,not_enough_information,outside_chart_range,derived_development_sample,train
window_2019_2024_style_01_claim_013,window_2019_2024_style_01,window_2019_2024,style_01,2019,2024,data/generated/charts/development/window_2019_2024_style_01.png,claim_013,2023,2024,The EU unemployment rate was lower in 2024 than in 2023.,supported,true_comparison,derived_development_sample,train
window_2019_2024_style_01_claim_014,window_2019_2024_style_01,window_2019_2024,style_01,2019,2024,data/generated/charts/development/window_2019_2024_style_01.png,claim_014,2023,2024,The EU unemployment rate was higher in 2024 than in 2023.,refuted,false_comparison,derived_development_sample,train
window_2019_2024_style_01_claim_015,window_2019_2024_style_01,window_2019_2024,style_01,2019,2024,data/generated/charts/development/window_2019_2024_style_01.png,claim_015,2023,2024,The EU unemployment rate was higher in 2025 than in 2024.,not_enough_information,outside_chart_range,derived_development_sample,train
window_2019_2024_style_02_claim_001,window_2019_2024_style_02,window_2019_2024,style_02,2019,2024,data/generated/charts/development/window_2019_2024_style_02.png,claim_001,2019,2020,The EU unemployment rate was higher in 2020 than in 2019.,supported,true_comparison,derived_development_sample,train
window_2019_2024_style_02_claim_002,window_2019_2024_style_02,window_2019_2024,style_02,2019,2024,data/generated/charts/development/window_2019_2024_style_02.png,claim_002,2019,2020,The EU unemployment rate was lower in 2020 than in 2019.,refuted,false_comparison,derived_development_sample,train
window_2019_2024_style_02_claim_003,window_2019_2024_style_02,window_2019_2024,style_02,2019,2024,data/generated/charts/development/window_2019_2024_style_02.png,claim_003,2019,2020,The EU unemployment rate was higher in 2025 than in 2020.,not_enough_information,outside_chart_range,derived_development_sample,train
window_2019_2024_style_02_claim_004,window_2019_2024_style_02,window_2019_2024,style_02,2019,2024,data/generated/charts/development/window_2019_2024_style_02.png,claim_004,2020,2021,The EU unemployment rate was lower in 2021 than in 2020.,supported,true_comparison,derived_development_sample,train
window_2019_2024_style_02_claim_005,window_2019_2024_style_02,window_2019_2024,style_02,2019,2024,data/generated/charts/development/window_2019_2024_style_02.png,claim_005,2020,2021,The EU unemployment rate was higher in 2021 than in 2020.,refuted,false_comparison,derived_development_sample,train
window_2019_2024_style_02_claim_006,window_2019_2024_style_02,window_2019_2024,style_02,2019,2024,data/generated/charts/development/window_2019_2024_style_02.png,claim_006,2020,2021,The EU unemployment rate was higher in 2025 than in 2021.,not_enough_information,outside_chart_range,derived_development_sample,train
window_2019_2024_style_02_claim_007,window_2019_2024_style_02,window_2019_2024,style_02,2019,2024,data/generated/charts/development/window_2019_2024_style_02.png,claim_007,2021,2022,The EU unemployment rate was lower in 2022 than in 2021.,supported,true_comparison,derived_development_sample,train
window_2019_2024_style_02_claim_008,window_2019_2024_style_02,window_2019_2024,style_02,2019,2024,data/generated/charts/development/window_2019_2024_style_02.png,claim_008,2021,2022,The EU unemployment rate was higher in 2022 than in 2021.,refuted,false_comparison,derived_development_sample,train
window_2019_2024_style_02_claim_009,window_2019_2024_style_02,window_2019_2024,style_02,2019,2024,data/generated/charts/development/window_2019_2024_style_02.png,claim_009,2021,2022,The EU unemployment rate was higher in 2025 than in 2022.,not_enough_information,outside_chart_range,derived_development_sample,train
window_2019_2024_style_02_claim_010,window_2019_2024_style_02,window_2019_2024,style_02,2019,2024,data/generated/charts/development/window_2019_2024_style_02.png,claim_010,2022,2023,The EU unemployment rate was lower in 2023 than in 2022.,supported,true_comparison,derived_development_sample,train
window_2019_2024_style_02_claim_011,window_2019_2024_style_02,window_2019_2024,style_02,2019,2024,data/generated/charts/development/window_2019_2024_style_02.png,claim_011,2022,2023,The EU unemployment rate was higher in 2023 than in 2022.,refuted,false_comparison,derived_development_sample,train
window_2019_2024_style_02_claim_012,window_2019_2024_style_02,window_2019_2024,style_02,2019,2024,data/generated/charts/development/window_2019_2024_style_02.png,claim_012,2022,2023,The EU unemployment rate was higher in 2025 than in 2023.,not_enough_information,outside_chart_range,derived_development_sample,train
window_2019_2024_style_02_claim_013,window_2019_2024_style_02,window_2019_2024,style_02,2019,2024,data/generated/charts/development/window_2019_2024_style_02.png,claim_013,2023,2024,The EU unemployment rate was lower in 2024 than in 2023.,supported,true_comparison,derived_development_sample,train
window_2019_2024_style_02_claim_014,window_2019_2024_style_02,window_2019_2024,style_02,2019,2024,data/generated/charts/development/window_2019_2024_style_02.png,claim_014,2023,2024,The EU unemployment rate was higher in 2024 than in 2023.,refuted,false_comparison,derived_development_sample,train
window_2019_2024_style_02_claim_015,window_2019_2024_style_02,window_2019_2024,style_02,2019,2024,data/generated/charts/development/window_2019_2024_style_02.png,claim_015,2023,2024,The EU unemployment rate was higher in 2025 than in 2024.,not_enough_information,outside_chart_range,derived_development_sample,train
window_2019_2024_style_03_claim_001,window_2019_2024_style_03,window_2019_2024,style_03,2019,2024,data/generated/charts/development/window_2019_2024_style_03.png,claim_001,2019,2020,The EU unemployment rate was higher in 2020 than in 2019.,supported,true_comparison,derived_development_sample,train
window_2019_2024_style_03_claim_002,window_2019_2024_style_03,window_2019_2024,style_03,2019,2024,data/generated/charts/development/window_2019_2024_style_03.png,claim_002,2019,2020,The EU unemployment rate was lower in 2020 than in 2019.,refuted,false_comparison,derived_development_sample,train
window_2019_2024_style_03_claim_003,window_2019_2024_style_03,window_2019_2024,style_03,2019,2024,data/generated/charts/development/window_2019_2024_style_03.png,claim_003,2019,2020,The EU unemployment rate was higher in 2025 than in 2020.,not_enough_information,outside_chart_range,derived_development_sample,train
window_2019_2024_style_03_claim_004,window_2019_2024_style_03,window_2019_2024,style_03,2019,2024,data/generated/charts/development/window_2019_2024_style_03.png,claim_004,2020,2021,The EU unemployment rate was lower in 2021 than in 2020.,supported,true_comparison,derived_development_sample,train
window_2019_2024_style_03_claim_005,window_2019_2024_style_03,window_2019_2024,style_03,2019,2024,data/generated/charts/development/window_2019_2024_style_03.png,claim_005,2020,2021,The EU unemployment rate was higher in 2021 than in 2020.,refuted,false_comparison,derived_development_sample,train
window_2019_2024_style_03_claim_006,window_2019_2024_style_03,window_2019_2024,style_03,2019,2024,data/generated/charts/development/window_2019_2024_style_03.png,claim_006,2020,2021,The EU unemployment rate was higher in 2025 than in 2021.,not_enough_information,outside_chart_range,derived_development_sample,train
window_2019_2024_style_03_claim_007,window_2019_2024_style_03,window_2019_2024,style_03,2019,2024,data/generated/charts/development/window_2019_2024_style_03.png,claim_007,2021,2022,The EU unemployment rate was lower in 2022 than in 2021.,supported,true_comparison,derived_development_sample,train
window_2019_2024_style_03_claim_008,window_2019_2024_style_03,window_2019_2024,style_03,2019,2024,data/generated/charts/development/window_2019_2024_style_03.png,claim_008,2021,2022,The EU unemployment rate was higher in 2022 than in 2021.,refuted,false_comparison,derived_development_sample,train
window_2019_2024_style_03_claim_009,window_2019_2024_style_03,window_2019_2024,style_03,2019,2024,data/generated/charts/development/window_2019_2024_style_03.png,claim_009,2021,2022,The EU unemployment rate was higher in 2025 than in 2022.,not_enough_information,outside_chart_range,derived_development_sample,train
window_2019_2024_style_03_claim_010,window_2019_2024_style_03,window_2019_2024,style_03,2019,2024,data/generated/charts/development/window_2019_2024_style_03.png,claim_010,2022,2023,The EU unemployment rate was lower in 2023 than in 2022.,supported,true_comparison,derived_development_sample,train
window_2019_2024_style_03_claim_011,window_2019_2024_style_03,window_2019_2024,style_03,2019,2024,data/generated/charts/development/window_2019_2024_style_03.png,claim_011,2022,2023,The EU unemployment rate was higher in 2023 than in 2022.,refuted,false_comparison,derived_development_sample,train
window_2019_2024_style_03_claim_012,window_2019_2024_style_03,window_2019_2024,style_03,2019,2024,data/generated/charts/development/window_2019_2024_style_03.png,claim_012,2022,2023,The EU unemployment rate was higher in 2025 than in 2023.,not_enough_information,outside_chart_range,derived_development_sample,train
window_2019_2024_style_03_claim_013,window_2019_2024_style_03,window_2019_2024,style_03,2019,2024,data/generated/charts/development/window_2019_2024_style_03.png,claim_013,2023,2024,The EU unemployment rate was lower in 2024 than in 2023.,supported,true_comparison,derived_development_sample,train
window_2019_2024_style_03_claim_014,window_2019_2024_style_03,window_2019_2024,style_03,2019,2024,data/generated/charts/development/window_2019_2024_style_03.png,claim_014,2023,2024,The EU unemployment rate was higher in 2024 than in 2023.,refuted,false_comparison,derived_development_sample,train
window_2019_2024_style_03_claim_015,window_2019_2024_style_03,window_2019_2024,style_03,2019,2024,data/generated/charts/development/window_2019_2024_style_03.png,claim_015,2023,2024,The EU unemployment rate was higher in 2025 than in 2024.,not_enough_information,outside_chart_range,derived_development_sample,train
window_2020_2025_style_01_claim_001,window_2020_2025_style_01,window_2020_2025,style_01,2020,2025,data/generated/charts/development/window_2020_2025_style_01.png,claim_001,2020,2021,The EU unemployment rate was lower in 2021 than in 2020.,supported,true_comparison,derived_development_sample,train
window_2020_2025_style_01_claim_002,window_2020_2025_style_01,window_2020_2025,style_01,2020,2025,data/generated/charts/development/window_2020_2025_style_01.png,claim_002,2020,2021,The EU unemployment rate was higher in 2021 than in 2020.,refuted,false_comparison,derived_development_sample,train
window_2020_2025_style_01_claim_003,window_2020_2025_style_01,window_2020_2025,style_01,2020,2025,data/generated/charts/development/window_2020_2025_style_01.png,claim_003,2020,2021,The EU unemployment rate was higher in 2026 than in 2021.,not_enough_information,outside_chart_range,derived_development_sample,train
window_2020_2025_style_01_claim_004,window_2020_2025_style_01,window_2020_2025,style_01,2020,2025,data/generated/charts/development/window_2020_2025_style_01.png,claim_004,2021,2022,The EU unemployment rate was lower in 2022 than in 2021.,supported,true_comparison,derived_development_sample,train
window_2020_2025_style_01_claim_005,window_2020_2025_style_01,window_2020_2025,style_01,2020,2025,data/generated/charts/development/window_2020_2025_style_01.png,claim_005,2021,2022,The EU unemployment rate was higher in 2022 than in 2021.,refuted,false_comparison,derived_development_sample,train
window_2020_2025_style_01_claim_006,window_2020_2025_style_01,window_2020_2025,style_01,2020,2025,data/generated/charts/development/window_2020_2025_style_01.png,claim_006,2021,2022,The EU unemployment rate was higher in 2026 than in 2022.,not_enough_information,outside_chart_range,derived_development_sample,train
window_2020_2025_style_01_claim_007,window_2020_2025_style_01,window_2020_2025,style_01,2020,2025,data/generated/charts/development/window_2020_2025_style_01.png,claim_007,2022,2023,The EU unemployment rate was lower in 2023 than in 2022.,supported,true_comparison,derived_development_sample,train
window_2020_2025_style_01_claim_008,window_2020_2025_style_01,window_2020_2025,style_01,2020,2025,data/generated/charts/development/window_2020_2025_style_01.png,claim_008,2022,2023,The EU unemployment rate was higher in 2023 than in 2022.,refuted,false_comparison,derived_development_sample,train
window_2020_2025_style_01_claim_009,window_2020_2025_style_01,window_2020_2025,style_01,2020,2025,data/generated/charts/development/window_2020_2025_style_01.png,claim_009,2022,2023,The EU unemployment rate was higher in 2026 than in 2023.,not_enough_information,outside_chart_range,derived_development_sample,train
window_2020_2025_style_01_claim_010,window_2020_2025_style_01,window_2020_2025,style_01,2020,2025,data/generated/charts/development/window_2020_2025_style_01.png,claim_010,2023,2024,The EU unemployment rate was lower in 2024 than in 2023.,supported,true_comparison,derived_development_sample,train
window_2020_2025_style_01_claim_011,window_2020_2025_style_01,window_2020_2025,style_01,2020,2025,data/generated/charts/development/window_2020_2025_style_01.png,claim_011,2023,2024,The EU unemployment rate was higher in 2024 than in 2023.,refuted,false_comparison,derived_development_sample,train
window_2020_2025_style_01_claim_012,window_2020_2025_style_01,window_2020_2025,style_01,2020,2025,data/generated/charts/development/window_2020_2025_style_01.png,claim_012,2023,2024,The EU unemployment rate was higher in 2026 than in 2024.,not_enough_information,outside_chart_range,derived_development_sample,train
window_2020_2025_style_01_claim_013,window_2020_2025_style_01,window_2020_2025,style_01,2020,2025,data/generated/charts/development/window_2020_2025_style_01.png,claim_013,2024,2025,The EU unemployment rate was higher in 2025 than in 2024.,supported,true_comparison,derived_development_sample,train
window_2020_2025_style_01_claim_014,window_2020_2025_style_01,window_2020_2025,style_01,2020,2025,data/generated/charts/development/window_2020_2025_style_01.png,claim_014,2024,2025,The EU unemployment rate was lower in 2025 than in 2024.,refuted,false_comparison,derived_development_sample,train
window_2020_2025_style_01_claim_015,window_2020_2025_style_01,window_2020_2025,style_01,2020,2025,data/generated/charts/development/window_2020_2025_style_01.png,claim_015,2024,2025,The EU unemployment rate was higher in 2026 than in 2025.,not_enough_information,outside_chart_range,derived_development_sample,train
window_2020_2025_style_02_claim_001,window_2020_2025_style_02,window_2020_2025,style_02,2020,2025,data/generated/charts/development/window_2020_2025_style_02.png,claim_001,2020,2021,The EU unemployment rate was lower in 2021 than in 2020.,supported,true_comparison,derived_development_sample,train
window_2020_2025_style_02_claim_002,window_2020_2025_style_02,window_2020_2025,style_02,2020,2025,data/generated/charts/development/window_2020_2025_style_02.png,claim_002,2020,2021,The EU unemployment rate was higher in 2021 than in 2020.,refuted,false_comparison,derived_development_sample,train
window_2020_2025_style_02_claim_003,window_2020_2025_style_02,window_2020_2025,style_02,2020,2025,data/generated/charts/development/window_2020_2025_style_02.png,claim_003,2020,2021,The EU unemployment rate was higher in 2026 than in 2021.,not_enough_information,outside_chart_range,derived_development_sample,train
window_2020_2025_style_02_claim_004,window_2020_2025_style_02,window_2020_2025,style_02,2020,2025,data/generated/charts/development/window_2020_2025_style_02.png,claim_004,2021,2022,The EU unemployment rate was lower in 2022 than in 2021.,supported,true_comparison,derived_development_sample,train
window_2020_2025_style_02_claim_005,window_2020_2025_style_02,window_2020_2025,style_02,2020,2025,data/generated/charts/development/window_2020_2025_style_02.png,claim_005,2021,2022,The EU unemployment rate was higher in 2022 than in 2021.,refuted,false_comparison,derived_development_sample,train
window_2020_2025_style_02_claim_006,window_2020_2025_style_02,window_2020_2025,style_02,2020,2025,data/generated/charts/development/window_2020_2025_style_02.png,claim_006,2021,2022,The EU unemployment rate was higher in 2026 than in 2022.,not_enough_information,outside_chart_range,derived_development_sample,train
window_2020_2025_style_02_claim_007,window_2020_2025_style_02,window_2020_2025,style_02,2020,2025,data/generated/charts/development/window_2020_2025_style_02.png,claim_007,2022,2023,The EU unemployment rate was lower in 2023 than in 2022.,supported,true_comparison,derived_development_sample,train
window_2020_2025_style_02_claim_008,window_2020_2025_style_02,window_2020_2025,style_02,2020,2025,data/generated/charts/development/window_2020_2025_style_02.png,claim_008,2022,2023,The EU unemployment rate was higher in 2023 than in 2022.,refuted,false_comparison,derived_development_sample,train
window_2020_2025_style_02_claim_009,window_2020_2025_style_02,window_2020_2025,style_02,2020,2025,data/generated/charts/development/window_2020_2025_style_02.png,claim_009,2022,2023,The EU unemployment rate was higher in 2026 than in 2023.,not_enough_information,outside_chart_range,derived_development_sample,train
window_2020_2025_style_02_claim_010,window_2020_2025_style_02,window_2020_2025,style_02,2020,2025,data/generated/charts/development/window_2020_2025_style_02.png,claim_010,2023,2024,The EU unemployment rate was lower in 2024 than in 2023.,supported,true_comparison,derived_development_sample,train
window_2020_2025_style_02_claim_011,window_2020_2025_style_02,window_2020_2025,style_02,2020,2025,data/generated/charts/development/window_2020_2025_style_02.png,claim_011,2023,2024,The EU unemployment rate was higher in 2024 than in 2023.,refuted,false_comparison,derived_development_sample,train
window_2020_2025_style_02_claim_012,window_2020_2025_style_02,window_2020_2025,style_02,2020,2025,data/generated/charts/development/window_2020_2025_style_02.png,claim_012,2023,2024,The EU unemployment rate was higher in 2026 than in 2024.,not_enough_information,outside_chart_range,derived_development_sample,train
window_2020_2025_style_02_claim_013,window_2020_2025_style_02,window_2020_2025,style_02,2020,2025,data/generated/charts/development/window_2020_2025_style_02.png,claim_013,2024,2025,The EU unemployment rate was higher in 2025 than in 2024.,supported,true_comparison,derived_development_sample,train
window_2020_2025_style_02_claim_014,window_2020_2025_style_02,window_2020_2025,style_02,2020,2025,data/generated/charts/development/window_2020_2025_style_02.png,claim_014,2024,2025,The EU unemployment rate was lower in 2025 than in 2024.,refuted,false_comparison,derived_development_sample,train
window_2020_2025_style_02_claim_015,window_2020_2025_style_02,window_2020_2025,style_02,2020,2025,data/generated/charts/development/window_2020_2025_style_02.png,claim_015,2024,2025,The EU unemployment rate was higher in 2026 than in 2025.,not_enough_information,outside_chart_range,derived_development_sample,train
window_2020_2025_style_03_claim_001,window_2020_2025_style_03,window_2020_2025,style_03,2020,2025,data/generated/charts/development/window_2020_2025_style_03.png,claim_001,2020,2021,The EU unemployment rate was lower in 2021 than in 2020.,supported,true_comparison,derived_development_sample,train
window_2020_2025_style_03_claim_002,window_2020_2025_style_03,window_2020_2025,style_03,2020,2025,data/generated/charts/development/window_2020_2025_style_03.png,claim_002,2020,2021,The EU unemployment rate was higher in 2021 than in 2020.,refuted,false_comparison,derived_development_sample,train
window_2020_2025_style_03_claim_003,window_2020_2025_style_03,window_2020_2025,style_03,2020,2025,data/generated/charts/development/window_2020_2025_style_03.png,claim_003,2020,2021,The EU unemployment rate was higher in 2026 than in 2021.,not_enough_information,outside_chart_range,derived_development_sample,train
window_2020_2025_style_03_claim_004,window_2020_2025_style_03,window_2020_2025,style_03,2020,2025,data/generated/charts/development/window_2020_2025_style_03.png,claim_004,2021,2022,The EU unemployment rate was lower in 2022 than in 2021.,supported,true_comparison,derived_development_sample,train
window_2020_2025_style_03_claim_005,window_2020_2025_style_03,window_2020_2025,style_03,2020,2025,data/generated/charts/development/window_2020_2025_style_03.png,claim_005,2021,2022,The EU unemployment rate was higher in 2022 than in 2021.,refuted,false_comparison,derived_development_sample,train
window_2020_2025_style_03_claim_006,window_2020_2025_style_03,window_2020_2025,style_03,2020,2025,data/generated/charts/development/window_2020_2025_style_03.png,claim_006,2021,2022,The EU unemployment rate was higher in 2026 than in 2022.,not_enough_information,outside_chart_range,derived_development_sample,train
window_2020_2025_style_03_claim_007,window_2020_2025_style_03,window_2020_2025,style_03,2020,2025,data/generated/charts/development/window_2020_2025_style_03.png,claim_007,2022,2023,The EU unemployment rate was lower in 2023 than in 2022.,supported,true_comparison,derived_development_sample,train
window_2020_2025_style_03_claim_008,window_2020_2025_style_03,window_2020_2025,style_03,2020,2025,data/generated/charts/development/window_2020_2025_style_03.png,claim_008,2022,2023,The EU unemployment rate was higher in 2023 than in 2022.,refuted,false_comparison,derived_development_sample,train
window_2020_2025_style_03_claim_009,window_2020_2025_style_03,window_2020_2025,style_03,2020,2025,data/generated/charts/development/window_2020_2025_style_03.png,claim_009,2022,2023,The EU unemployment rate was higher in 2026 than in 2023.,not_enough_information,outside_chart_range,derived_development_sample,train
window_2020_2025_style_03_claim_010,window_2020_2025_style_03,window_2020_2025,style_03,2020,2025,data/generated/charts/development/window_2020_2025_style_03.png,claim_010,2023,2024,The EU unemployment rate was lower in 2024 than in 2023.,supported,true_comparison,derived_development_sample,train
window_2020_2025_style_03_claim_011,window_2020_2025_style_03,window_2020_2025,style_03,2020,2025,data/generated/charts/development/window_2020_2025_style_03.png,claim_011,2023,2024,The EU unemployment rate was higher in 2024 than in 2023.,refuted,false_comparison,derived_development_sample,train
window_2020_2025_style_03_claim_012,window_2020_2025_style_03,window_2020_2025,style_03,2020,2025,data/generated/charts/development/window_2020_2025_style_03.png,claim_012,2023,2024,The EU unemployment rate was higher in 2026 than in 2024.,not_enough_information,outside_chart_range,derived_development_sample,train
window_2020_2025_style_03_claim_013,window_2020_2025_style_03,window_2020_2025,style_03,2020,2025,data/generated/charts/development/window_2020_2025_style_03.png,claim_013,2024,2025,The EU unemployment rate was higher in 2025 than in 2024.,supported,true_comparison,derived_development_sample,train
window_2020_2025_style_03_claim_014,window_2020_2025_style_03,window_2020_2025,style_03,2020,2025,data/generated/charts/development/window_2020_2025_style_03.png,claim_014,2024,2025,The EU unemployment rate was lower in 2025 than in 2024.,refuted,false_comparison,derived_development_sample,train
window_2020_2025_style_03_claim_015,window_2020_2025_style_03,window_2020_2025,style_03,2020,2025,data/generated/charts/development/window_2020_2025_style_03.png,claim_015,2024,2025,The EU unemployment rate was higher in 2026 than in 2025.,not_enough_information,outside_chart_range,derived_development_sample,train
